{
  "Deposit" : {
    "transaction" : "Deposit",
    "sampleCount" : 10,
    "errorCount" : 0,
    "errorPct" : 0.0,
    "meanResTime" : 236.8,
    "medianResTime" : 210.0,
    "minResTime" : 191.0,
    "maxResTime" : 497.0,
    "pct1ResTime" : 469.9000000000001,
    "pct2ResTime" : 497.0,
    "pct3ResTime" : 497.0,
    "throughput" : 4.187604690117253,
    "receivedKBytesPerSec" : 1.5601281145309884,
    "sentKBytesPerSec" : 2.1837704145728645
  },
  "Admin Login" : {
    "transaction" : "Admin Login",
    "sampleCount" : 3,
    "errorCount" : 0,
    "errorPct" : 0.0,
    "meanResTime" : 921.6666666666666,
    "medianResTime" : 843.0,
    "minResTime" : 843.0,
    "maxResTime" : 1079.0,
    "pct1ResTime" : 1079.0,
    "pct2ResTime" : 1079.0,
    "pct3ResTime" : 1079.0,
    "throughput" : 2.7803521779425395,
    "receivedKBytesPerSec" : 1.4906380329008342,
    "sentKBytesPerSec" : 0.8498537418906396
  },
  "Total" : {
    "transaction" : "Total",
    "sampleCount" : 28,
    "errorCount" : 0,
    "errorPct" : 0.0,
    "meanResTime" : 274.8928571428571,
    "medianResTime" : 191.0,
    "minResTime" : 142.0,
    "maxResTime" : 1079.0,
    "pct1ResTime" : 843.0,
    "pct2ResTime" : 972.7999999999993,
    "pct3ResTime" : 1079.0,
    "throughput" : 8.431195423065342,
    "receivedKBytesPerSec" : 3.215216613971695,
    "sentKBytesPerSec" : 4.207658179012346
  },
  "Pay" : {
    "transaction" : "Pay",
    "sampleCount" : 5,
    "errorCount" : 0,
    "errorPct" : 0.0,
    "meanResTime" : 185.2,
    "medianResTime" : 182.0,
    "minResTime" : 156.0,
    "maxResTime" : 216.0,
    "pct1ResTime" : 216.0,
    "pct2ResTime" : 216.0,
    "pct3ResTime" : 216.0,
    "throughput" : 5.359056806002144,
    "receivedKBytesPerSec" : 1.8986970793140405,
    "sentKBytesPerSec" : 2.794664389067524
  },
  "Send" : {
    "transaction" : "Send",
    "sampleCount" : 10,
    "errorCount" : 0,
    "errorPct" : 0.0,
    "meanResTime" : 163.79999999999998,
    "medianResTime" : 161.0,
    "minResTime" : 142.0,
    "maxResTime" : 184.0,
    "pct1ResTime" : 183.5,
    "pct2ResTime" : 184.0,
    "pct3ResTime" : 184.0,
    "throughput" : 6.024096385542169,
    "receivedKBytesPerSec" : 2.151967243975904,
    "sentKBytesPerSec" : 3.153237951807229
  }
}